{
    "name": "Clunky",
    "description": "You're 2.5 blocks tall",
    "type": "origins:action_on_callback",
    "entity_action_chosen": {
        "type": "origins:and",
        "actions": [
            {
                "type": "origins:execute_command",
                "command": "scale set pehkui:height 1.25"
            },
            {
                "type": "origins:execute_command",
                "command": "scale set pehkui:width 1.25"
            },
            {
                "type": "origins:execute_command",
                "command": "scale set pehkui:view_bobbing 1.25"
            },
            {
                "type": "origins:execute_command",
                "command": "scale set pehkui:projectiles 1.25"
            },
            {
                "type": "origins:execute_command",
                "command": "scale set pehkui:step_height 1.25"
            }
        ]
    },
    "entity_action_added": {
        "type": "origins:and",
        "actions": [
            {
                "type": "origins:execute_command",
                "command": "scale set pehkui:height 1.25"
            },
            {
                "type": "origins:execute_command",
                "command": "scale set pehkui:width 1.25"
            },
            {
                "type": "origins:execute_command",
                "command": "scale set pehkui:view_bobbing 1.25"
            },
            {
                "type": "origins:execute_command",
                "command": "scale set pehkui:projectiles 1.25"
            },
            {
                "type": "origins:execute_command",
                "command": "scale set pehkui:step_height 1.25"
            }
        ]
    },
    "entity_action_lost": {
        "type": "origins:execute_command",
        "command": "scale reset"
    },
    "entity_action_removed": {
        "type": "origins:execute_command",
        "command": "scale reset"
    },
    "entity_action_respawned": {
        "type": "origins:and",
        "actions": [
            {
                "type": "origins:execute_command",
                "command": "scale set pehkui:height 1.25"
            },
            {
                "type": "origins:execute_command",
                "command": "scale set pehkui:width 1.25"
            },
            {
                "type": "origins:execute_command",
                "command": "scale set pehkui:view_bobbing 1.25"
            },
            {
                "type": "origins:execute_command",
                "command": "scale set pehkui:projectiles 1.25"
            },
            {
                "type": "origins:execute_command",
                "command": "scale set pehkui:step_height 1.25"
            }
        ]
    }
}