{
    "type": "origins:active_self",
    "cooldown": 10,
    "entity_action": {
        "type": "origins:if_else_list",
        "actions": [
            {
                "action":{
                    "type": "origins:and",
                    "actions": [
                        {
                            "type":"origins:play_sound",
                            "sound": "minecraft:entity.ghast.shoot"
                        },
                        {
                            "type": "origins:equipped_item_action",
                            "equipment_slot": "mainhand",
                            "action": {
                                "type": "origins:consume",
                                "amount": 1
                            }
                        },
                        {
                            "type":"origins:delay",
                            "ticks":30,
                            "action":{
                                "type": "origins:change_resource",
                                "resource": "*:steam_resource",
                                "change": 900
                            }
                        }
                    ]
                },
                "condition":{
                    "type": "origins:equipped_item",
                    "equipment_slot": "mainhand",
                    "item_condition": {
                        "type": "origins:ingredient",
                        "ingredient": {
                            "tag": "pipe:coal"
                        }
                    }
                }
            }
        ]
    },
    "condition": {
        "type": "origins:and",
        "conditions": [
            {
                "type": "origins:sneaking",
                "inverted": true
            },
            {
                "type": "origins:equipped_item",
                "equipment_slot": "mainhand",
                "item_condition": {
                    "type": "origins:ingredient",
                    "ingredient": {
                        "tag": "pipe:fuel"
                    }
                }
            },
            {
                "type": "origins:resource",
                "resource": "*:steam_resource",
                "comparison": "<=",
                "compare_to": 17900
            }
        ]
    },
    "key": {
        "key": "key.use",
        "continuous": true
    },
    "hud_render": {
        "sprite_location":"origins:textures/gui/community/spiderkolo/resource_bar_01.png",
        "bar_index":16
    }
}