{
    "hidden": true,
    "type": "origins:multiple",
    "time": {
        "type": "origins:resource",
        "start_value": 0,
        "min": 0,
        "max": 40,
        "hud_render": {"should_render": false}
    },
    "tick": {
        "type": "origins:action_over_time",
        "interval": 1,
        "entity_action": {
            "type": "origins:change_resource",
            "operation": "add",
            "resource": "*:*_time",
            "change": -1
        }
    },
    "immune": {
        "type": "origins:invulnerability",
        "damage_condition": {
            "type": "origins:name",
            "name": "fall"
        },
        "condition": {
            "type": "origins:resource",
            "resource": "*:*_time",
            "comparison": ">",
            "compare_to": 1
        }
    }
}