{
    "name": "cute",
    "description": "Your only a block tall",
	"type": "origins:action_on_callback",
	"entity_action_chosen": {
		"type": "origins:and",
		"actions": [
            {
                "type": "origins:execute_command",
                "command": "scale set pehkui:height 0.5",
                "permission_level": 4
            },
            {
                "type": "origins:execute_command",
                "command": "scale set pehkui:width 0.5",
                "permission_level": 4
            },
            {
                "type": "origins:execute_command",
                "command": "scale set pehkui:view_bobbing 0.5",
                "permission_level": 4
            },
            {
                "type": "origins:execute_command",
                "command": "scale set pehkui:falling 0.5",
                "permission_level": 4
            },
            {
                "type": "origins:execute_command",
                "command": "scale set pehkui:reach 0.75",
                "permission_level": 4
            }
		]
	},
	"entity_action_added": {
		"type": "origins:and",
		"actions": [
            {
                "type": "origins:execute_command",
                "command": "scale set pehkui:height 0.5",
                "permission_level": 4
            },
            {
                "type": "origins:execute_command",
                "command": "scale set pehkui:width 0.5",
                "permission_level": 4
            },
            {
                "type": "origins:execute_command",
                "command": "scale set pehkui:view_bobbing 0.5",
                "permission_level": 4
            },
            {
                "type": "origins:execute_command",
                "command": "scale set pehkui:falling 0.5",
                "permission_level": 4
            },
            {
                "type": "origins:execute_command",
                "command": "scale set pehkui:reach 0.75",
                "permission_level": 4
            }
		]
	},
	"entity_action_lost": {
		"type": "origins:execute_command",
		"command": "scale reset"
	},
	"entity_action_removed": {
		"type": "origins:execute_command",
		"command": "scale reset"
	},
	"entity_action_respawned": {
		"type": "origins:and",
		"actions": [
            {
                "type": "origins:execute_command",
                "command": "scale set pehkui:height 0.5",
                "permission_level": 4
            },
            {
                "type": "origins:execute_command",
                "command": "scale set pehkui:width 0.5",
                "permission_level": 4
            },
            {
                "type": "origins:execute_command",
                "command": "scale set pehkui:view_bobbing 0.5",
                "permission_level": 4
            },
            {
                "type": "origins:execute_command",
                "command": "scale set pehkui:falling 0.5",
                "permission_level": 4
            },
            {
                "type": "origins:execute_command",
                "command": "scale set pehkui:reach 0.75",
                "permission_level": 4
            }
		]
	}
}