{
    "type": "origins:fire_projectile",
    "cooldown": 120,
    "hud_render": {
      "bar_index": 6
    },
    "entity_type": "origins:enderian_pearl",
    "sound": "minecraft:entity.ender_pearl.throw",
    "speed": 1.5,
    "divergence": 10,
    "key": {
      "key": "key.origins.secondary_active",
      "continuous": false
    },
    "name": "Unstable Teleportation",
    "description":"Same as Enderian's teleport, but with 2x cooldown and with a random offset from where you throw "
}