{
    "type": "minecraft:entity",
    "pools": [
        {
            "rolls": 1,
            "entries": [
                {
                    "type": "minecraft:item",
                    "functions": [
                        {
                            "function": "minecraft:set_count",
                            "count": {
                                "min": 0,
                                "max": 1,
                                "type": "minecraft:uniform"
                            },
                            "add": false
                        },
                        {
                            "function": "minecraft:set_count",
                            "conditions": [
                                {
                                    "condition": "minecraft:entity_properties",
                                    "entity": "killer",
                                    "predicate": {
                                        "nbt": "{Tags: [\"looting\"]}"
                                    }
                                }
                            ],
                            "add": false,
                            "count": {
                                "type": "minecraft:uniform",
                                "min": 0,
                                "max": 2
                            }
                        },
                        {
                            "function": "minecraft:looting_enchant",
                            "count": {
                                "type": "minecraft:uniform",
                                "min": 0,
                                "max": 1
                            }
                        }
                    ],
                    "name": "minecraft:blaze_rod"
                }
            ],
            "conditions": [
                {
                    "condition": "minecraft:killed_by_player",
                    "inverse": false
                }
            ]
        }
    ]
}