{
  "type": "minecraft:entity",
  "pools": [
    {
      "rolls": 1,
      "entries": [
        {
          "type": "minecraft:item",
          "functions": [
            {
              "function": "minecraft:set_count",
              "count": {
                "min": 0.0,
                "max": 2.0,
                "type": "minecraft:uniform"
              }
            },
			{
                            "function": "minecraft:set_count",
                            "conditions": [
                                {
                                    "condition": "minecraft:entity_properties",
                                    "entity": "killer",
                                    "predicate": {
                                        "nbt": "{Tags: [\"looting\"]}"
                                    }
                                }
                            ],
                            "add": false,
                            "count": {
                                "type": "minecraft:uniform",
                                "min": 0,
                                "max": 3
                            }
            },
            {
              "function": "minecraft:looting_enchant",
              "count": {
                "min": 0.0,
                "max": 1.0
              }
            }
          ],
          "name": "minecraft:rotten_flesh"
        }
      ]
    },
	{
            "rolls": 1,
            "entries": [
                {
                    "type": "minecraft:item",
					"name": "minecraft:iron_ingot",
                    "conditions": [
                        {
                            "condition": "minecraft:entity_properties",
                            "entity": "killer_player",
                            "predicate": {
                                "nbt": "{Tags: [\"looting\"]}"
                            }
                        },
                        {
                            "condition": "minecraft:random_chance_with_looting",
                            "looting_multiplier": 0.01,
                            "chance": 0.035
                        }
                    ]
                },
				{
                    "type": "minecraft:item",
					"name": "minecraft:carrot",
                    "conditions": [
                        {
                            "condition": "minecraft:entity_properties",
                            "entity": "killer_player",
                            "predicate": {
                                "nbt": "{Tags: [\"looting\"]}"
                            }
                        },
                        {
                            "condition": "minecraft:random_chance_with_looting",
                            "looting_multiplier": 0.01,
                            "chance": 0.035
                        }
                    ]
                },
				{
                    "type": "minecraft:item",
					"name": "minecraft:potato",
                    "conditions": [
                        {
                            "condition": "minecraft:entity_properties",
                            "entity": "killer_player",
                            "predicate": {
                                "nbt": "{Tags: [\"looting\"]}"
                            }
                        },
                        {
                            "condition": "minecraft:random_chance_with_looting",
                            "looting_multiplier": 0.01,
                            "chance": 0.035
                        }
                    ]
                },
                {
                    "type": "minecraft:item",
					"name": "minecraft:iron_ingot",
                    "conditions": [
                        {
                            "condition": "minecraft:inverted",
                            "term": 
                                {
                                    "condition": "minecraft:entity_properties",
                                    "entity": "killer_player",
                                    "predicate": {
                                        "nbt": "{Tags: [\"looting\"]}"
                                    }
                                }
                            
                        },
                        {
                            "condition": "minecraft:random_chance_with_looting",
                            "looting_multiplier": 0.01,
                            "chance": 0.025
                        }
                    ]
                },
				{
                    "type": "minecraft:item",
					"name": "minecraft:carrot",
                    "conditions": [
                        {
                            "condition": "minecraft:inverted",
                            "term": 
                                {
                                    "condition": "minecraft:entity_properties",
                                    "entity": "killer_player",
                                    "predicate": {
                                        "nbt": "{Tags: [\"looting\"]}"
                                    }
                                }
                            
                        },
                        {
                            "condition": "minecraft:random_chance_with_looting",
                            "looting_multiplier": 0.01,
                            "chance": 0.025
                        }
                    ]
                },
				{
                    "type": "minecraft:item",
					"name": "minecraft:potato",
                    "conditions": [
                        {
                            "condition": "minecraft:inverted",
                            "term": 
                                {
                                    "condition": "minecraft:entity_properties",
                                    "entity": "killer_player",
                                    "predicate": {
                                        "nbt": "{Tags: [\"looting\"]}"
                                    }
                                }
                            
                        },
                        {
                            "condition": "minecraft:random_chance_with_looting",
                            "looting_multiplier": 0.01,
                            "chance": 0.025
                        }
                    ]
                }
            ]
    }
  ]
}