{
  "type": "minecraft:entity",
  "pools": [
    {
      "rolls": 1,
      "entries": [
        {
          "type": "minecraft:item",
          "functions": [
            {
              "function": "minecraft:set_count",
              "count": {
                "min": 0.0,
                "max": 1.0,
                "type": "minecraft:uniform"
              }
            },
			{
                            "function": "minecraft:set_count",
                            "conditions": [
                                {
                                    "condition": "minecraft:entity_properties",
                                    "entity": "killer",
                                    "predicate": {
                                        "nbt": "{Tags: [\"looting\"]}"
                                    }
                                }
                            ],
                            "add": false,
                            "count": {
                                "type": "minecraft:uniform",
                                "min": 0,
                                "max": 2
                            }
            },
            {
              "function": "minecraft:looting_enchant",
              "count": {
                "min": 0.0,
                "max": 1.0
              }
            }
          ],
          "name": "minecraft:rabbit_hide"
        }
      ]
    },
    {
      "rolls": 1,
      "entries": [
        {
          "type": "minecraft:item",
          "functions": [
            {
              "function": "minecraft:set_count",
              "count": {
                "min": 0.0,
                "max": 1.0,
                "type": "minecraft:uniform"
              }
            },
            {
              "function": "minecraft:furnace_smelt",
              "conditions": [
                {
                  "condition": "minecraft:entity_properties",
                  "predicate": {
                    "flags": {
                      "is_on_fire": true
                    }
                  },
                  "entity": "this"
                }
              ]
            },
			{
                            "function": "minecraft:set_count",
                            "conditions": [
                                {
                                    "condition": "minecraft:entity_properties",
                                    "entity": "killer",
                                    "predicate": {
                                        "nbt": "{Tags: [\"looting\"]}"
                                    }
                                }
                            ],
                            "add": false,
                            "count": {
                                "type": "minecraft:uniform",
                                "min": 0,
                                "max": 2
                            }
            },
            {
              "function": "minecraft:looting_enchant",
              "count": {
                "min": 0.0,
                "max": 1.0
              }
            }
          ],
          "name": "minecraft:rabbit"
        }
      ]
    },
	{
            "rolls": 1,
            "entries": [
                {
                    "type": "minecraft:item",
					"name": "minecraft:rabbit_foot",
                    "conditions": [
                        {
                            "condition": "minecraft:entity_properties",
                            "entity": "killer_player",
                            "predicate": {
                                "nbt": "{Tags: [\"looting\"]}"
                            }
                        },
                        {
                            "condition": "minecraft:random_chance_with_looting",
                            "looting_multiplier": 0.03,
                            "chance": 0.13
                        }
                    ]
                },
                {
                    "type": "minecraft:item",
					"name": "minecraft:rabbit_foot",
                    "conditions": [
                        {
                            "condition": "minecraft:inverted",
                            "term": 
                                {
                                    "condition": "minecraft:entity_properties",
                                    "entity": "killer_player",
                                    "predicate": {
                                        "nbt": "{Tags: [\"looting\"]}"
                                    }
                                }
                            
                        },
                        {
                            "condition": "minecraft:random_chance_with_looting",
                            "looting_multiplier": 0.03,
                            "chance": 0.1
                        }
                    ]
                }
            ]
    }
  ]
}