{
  "type": "minecraft:entity",
  "pools": [
	{
            "rolls": 1,
            "entries": [
                {
                    "type": "minecraft:item",
					"name": "minecraft:shulker_shell",
                    "conditions": [
                        {
                            "condition": "minecraft:entity_properties",
                            "entity": "killer_player",
                            "predicate": {
                                "nbt": "{Tags: [\"looting\"]}"
                            }
                        },
                        {
                            "condition": "minecraft:random_chance_with_looting",
                            "looting_multiplier": 0.0625,
                            "chance": 0.5625
                        }
                    ]
                },
                {
                    "type": "minecraft:item",
					"name": "minecraft:shulker_shell",
                    "conditions": [
                        {
                            "condition": "minecraft:inverted",
                            "term": 
                                {
                                    "condition": "minecraft:entity_properties",
                                    "entity": "killer_player",
                                    "predicate": {
                                        "nbt": "{Tags: [\"looting\"]}"
                                    }
                                }
                            
                        },
                        {
                            "condition": "minecraft:random_chance_with_looting",
                            "looting_multiplier": 0.0625,
                            "chance": 0.5
                        }
                    ]
                }
            ]
    }
  ]
}