{
  "type": "minecraft:entity",
  "pools": [
    {
      "rolls": {
        "min": 1.0,
        "max": 3.0,
        "type": "minecraft:uniform"
      },
      "entries": [
        {
          "type": "minecraft:item",
          "functions": [
            {
              "function": "minecraft:set_count",
              "count": {
                "min": 0.0,
                "max": 2.0,
                "type": "minecraft:uniform"
              }
            },
			{
                            "function": "minecraft:set_count",
                            "conditions": [
                                {
                                    "condition": "minecraft:entity_properties",
                                    "entity": "killer",
                                    "predicate": {
                                        "nbt": "{Tags: [\"looting\"]}"
                                    }
                                }
                            ],
                            "add": false,
                            "count": {
                                "type": "minecraft:uniform",
                                "min": 0,
                                "max": 3
                            }
            },
            {
              "function": "minecraft:looting_enchant",
              "count": {
                "min": 0.0,
                "max": 1.0
              }
            }
          ],
          "name": "minecraft:glowstone_dust"
        },
        {
          "type": "minecraft:item",
          "functions": [
            {
              "function": "minecraft:set_count",
              "count": {
                "min": 0.0,
                "max": 2.0,
                "type": "minecraft:uniform"
              }
            },
			{
                            "function": "minecraft:set_count",
                            "conditions": [
                                {
                                    "condition": "minecraft:entity_properties",
                                    "entity": "killer",
                                    "predicate": {
                                        "nbt": "{Tags: [\"looting\"]}"
                                    }
                                }
                            ],
                            "add": false,
                            "count": {
                                "type": "minecraft:uniform",
                                "min": 0,
                                "max": 3
                            }
            },
            {
              "function": "minecraft:looting_enchant",
              "count": {
                "min": 0.0,
                "max": 1.0
              }
            }
          ],
          "name": "minecraft:sugar"
        },
        {
          "type": "minecraft:item",
          "functions": [
            {
              "function": "minecraft:set_count",
              "count": {
                "min": 0.0,
                "max": 2.0,
                "type": "minecraft:uniform"
              }
            },
			{
                            "function": "minecraft:set_count",
                            "conditions": [
                                {
                                    "condition": "minecraft:entity_properties",
                                    "entity": "killer",
                                    "predicate": {
                                        "nbt": "{Tags: [\"looting\"]}"
                                    }
                                }
                            ],
                            "add": false,
                            "count": {
                                "type": "minecraft:uniform",
                                "min": 0,
                                "max": 3
                            }
            },
            {
              "function": "minecraft:looting_enchant",
              "count": {
                "min": 0.0,
                "max": 1.0
              }
            }
          ],
          "name": "minecraft:redstone"
        },
        {
          "type": "minecraft:item",
          "functions": [
            {
              "function": "minecraft:set_count",
              "count": {
                "min": 0.0,
                "max": 2.0,
                "type": "minecraft:uniform"
              }
            },
			{
                            "function": "minecraft:set_count",
                            "conditions": [
                                {
                                    "condition": "minecraft:entity_properties",
                                    "entity": "killer",
                                    "predicate": {
                                        "nbt": "{Tags: [\"looting\"]}"
                                    }
                                }
                            ],
                            "add": false,
                            "count": {
                                "type": "minecraft:uniform",
                                "min": 0,
                                "max": 3
                            }
            },
            {
              "function": "minecraft:looting_enchant",
              "count": {
                "min": 0.0,
                "max": 1.0
              }
            }
          ],
          "name": "minecraft:spider_eye"
        },
        {
          "type": "minecraft:item",
          "functions": [
            {
              "function": "minecraft:set_count",
              "count": {
                "min": 0.0,
                "max": 2.0,
                "type": "minecraft:uniform"
              }
            },
			{
                            "function": "minecraft:set_count",
                            "conditions": [
                                {
                                    "condition": "minecraft:entity_properties",
                                    "entity": "killer",
                                    "predicate": {
                                        "nbt": "{Tags: [\"looting\"]}"
                                    }
                                }
                            ],
                            "add": false,
                            "count": {
                                "type": "minecraft:uniform",
                                "min": 0,
                                "max": 3
                            }
            },
            {
              "function": "minecraft:looting_enchant",
              "count": {
                "min": 0.0,
                "max": 1.0
              }
            }
          ],
          "name": "minecraft:glass_bottle"
        },
        {
          "type": "minecraft:item",
          "functions": [
            {
              "function": "minecraft:set_count",
              "count": {
                "min": 0.0,
                "max": 2.0,
                "type": "minecraft:uniform"
              }
            },
			{
                            "function": "minecraft:set_count",
                            "conditions": [
                                {
                                    "condition": "minecraft:entity_properties",
                                    "entity": "killer",
                                    "predicate": {
                                        "nbt": "{Tags: [\"looting\"]}"
                                    }
                                }
                            ],
                            "add": false,
                            "count": {
                                "type": "minecraft:uniform",
                                "min": 0,
                                "max": 3
                            }
            },
            {
              "function": "minecraft:looting_enchant",
              "count": {
                "min": 0.0,
                "max": 1.0
              }
            }
          ],
          "name": "minecraft:gunpowder"
        },
        {
          "type": "minecraft:item",
          "weight": 2,
          "functions": [
            {
              "function": "minecraft:set_count",
              "count": {
                "min": 0.0,
                "max": 2.0,
                "type": "minecraft:uniform"
              }
            },
			{
                            "function": "minecraft:set_count",
                            "conditions": [
                                {
                                    "condition": "minecraft:entity_properties",
                                    "entity": "killer",
                                    "predicate": {
                                        "nbt": "{Tags: [\"looting\"]}"
                                    }
                                }
                            ],
                            "add": false,
                            "count": {
                                "type": "minecraft:uniform",
                                "min": 0,
                                "max": 3
                            }
            },
            {
              "function": "minecraft:looting_enchant",
              "count": {
                "min": 0.0,
                "max": 1.0
              }
            }
          ],
          "name": "minecraft:stick"
        }
      ]
    }
  ]
}